"user_id","username","email","password"
1,tadriansyah,unggulharyanto@example.org,)8hRG4Rf2F
2,pradanamargana,guyainah@example.net,U#(67WXqbZ
3,dindawacana,yunihalimah@example.org,H69eXPUx(Q
4,zfujiati,dinda45@example.net,(8_IupPK$X
5,permatajumari,devisitompul@example.com,^LBlIr#l#2
6,amelia86,rahayu34@example.net,)_6GV^sl8P
7,dhakim,tsiregar@example.net,^VzMNZnCS6
8,pudjiastutikoko,prasetyabagya@example.org,_2lNuw*ox2
9,endra50,zsimanjuntak@example.com,BI#3qId9+U
10,othamrin,xthamrin@example.net,tjK8hEHi+@
11,kenari17,qnasyidah@example.org,A@4K0FpUzI
12,arta80,thariyah@example.com,RF(W3WczQ^
13,galihutami,baktionomaryadi@example.com,TtZ2!&k!#6
14,silvia83,wwaluyo@example.com,*4Ry%8BkIQ
15,darimin94,balapatiwahyuni@example.com,^5QVipM#n6
16,mhasanah,karsa95@example.org,$)$^0Olg&X
17,bellasinaga,saptonoasman@example.net,"2If80PUx)c"
18,emustofa,hakimrini@example.com,pznQf@TF#4
19,melaniutama,halimamaryadi@example.net,"0w#DsVKm(#"
20,utamikenari,harja43@example.net,)YXEr@lma2
21,karja49,najam83@example.org,_d2XKc1@d9
22,faizahwaluyo,ganda65@example.com,@P6EdWOjKC
23,kacung22,cuwais@example.org,"1ftGOI#L@3"
24,cramadan,cnainggolan@example.com,"9bsSoBr4%R"
25,andrianiharja,prayitnanugroho@example.net,oHN)t2&dS$
26,gwacana,ikhsannovitasari@example.net,+uvZ*Jrj42
27,fujiatimakara,lailahariyah@example.net,y_2KG0y)0+
28,sudiatimala,nurainijatmiko@example.com,"1Z_(c2Xcue"
29,nardisudiati,vino90@example.com,#fG^@tTRA3
30,putrajail,prasetyadwi@example.net,b7HIDswz^@
31,laksitatitin,nyoman99@example.net,a5MgnzwD@f
32,pangeranprakasa,laksmiwativirman@example.net,diH7mtI2^7
33,lanang37,outama@example.net,EMQ1ZEnb&2
34,dirjanovitasari,dewi77@example.net,@5(VW5a1(6
35,lutfan92,prasastaajimin@example.net,eGM6mTZb^5
36,nhartati,rosman39@example.net,@9HgE(JI+%
37,garaastuti,kurniawanmartani@example.org,ewuNkZdk&3
38,murti53,suryatmiwidya@example.com,OQnI9CpYx!
39,ajimin34,onasyiah@example.com,#7NYxe(MAz
40,cinta34,namagamustofa@example.com,"8q5lBXth#p"
41,rahayu55,sitorusyance@example.net,_@uL(5tqe3
42,dmaulana,rahmawatikasusra@example.com,(%vj4I*c$C
43,psiregar,adhiarja03@example.com,W$3P5t&rdj
44,cawisadi75,nababanmakuta@example.com,uB^gQ7iS+7
45,prastutitaufan,gunartozaenab@example.net,Dst(36Ov!$
46,olivadabukke,imam94@example.net,r#4XOwDfbE
47,mariadi03,martaka77@example.com,"4$2V+tNRm@"
48,suwarnoabyasa,vickysinaga@example.org,N00PqN@vo#
49,melaniedi,eputra@example.org,Z4KcwwVV@6
50,wadi94,paramitanapitupulu@example.net,M22S(LavW+
51,wulanmarpaung,yonopudjiastuti@example.com,vrC0i^(s(4
52,astuticakrabirawa,bakti78@example.org,eW&5@MNdq)
53,usadakamidin,mangunsongembuh@example.net,_j^Pyn!Nr5
54,caturanggagunarto,suwarnosalimah@example.org,)_2TNwL_7O
55,gunawanutama,sabri22@example.com,$KTARIeFn4
56,adriansyahgadang,tasnimmanullang@example.net,(HVYgF0NK4
57,anggabayapranowo,tiara06@example.com,v880BqEz$p
58,suartiniopung,nurainiadiarja@example.net,fJLQMU9M&4
59,darmajithamrin,vinoutami@example.com,&MJ1Ytqvl8
60,dpermadi,vhalimah@example.com,$Cq4*nOzu+
61,amaryadi,ghaliyatipranowo@example.org,!k7FeS*Zl@
62,rahayupandu,eva14@example.org,VDxVzGJj#4
63,wage24,candrahalimah@example.com,K6#lAT%q!9
64,irawanmartaka,laras03@example.org,+N_0PV7k)(
65,puput72,heru34@example.net,$R8vDbcYp6
66,jamal26,anggriawanpaiman@example.com,#!7V9BzfLZ
67,tedimahendra,radenaryani@example.net,*2W9oO1But
68,artanto56,ramawijayanti@example.com,^i+5#DtBue
69,ajimatwulandari,permatagilang@example.org,p31ShpEj!N
70,fujiatibalapati,cindy64@example.org,^4uUFBWjWX
71,nusamah,jaemannarpati@example.org,"7+4iOM0bUa"
72,belindahabibi,yunita10@example.com,D11p4Xlo!&
73,drajata,baktiadi20@example.net,E!!1byep!C
74,hsirait,malika52@example.net,I0GlHr^5^5
75,jasminpudjiastuti,ganjaranlaksita@example.net,))b817Ets#
76,chandra63,onugroho@example.com,"2wOpCbd@+a"
77,siregartari,mutiasihotang@example.net,km1S1JRMt$
78,dariatiwasita,ldamanik@example.com,qB7GTypE+R
79,zulaikacahya,niswahyudi@example.net,$4FyRRsad0
80,usadadwi,yusufsamosir@example.org,"8_QdIb(!#s"
81,nashiruddinraditya,balapati33@example.org,e4NJaQo3%3
82,yuliantisuci,psaputra@example.net,Ma$a(OKl(2
83,xananasirait,limarhutagalung@example.com,@1WaJT3$vq
84,raisa55,wiraputra@example.net,!QwRSw+zu4
85,mariadi30,megantaraaris@example.com,+y*QiOz(%4
86,entengwinarsih,kusumoibrahim@example.com,&6mCmLzDvf
87,hamimafirmansyah,hartanaagustina@example.org,N4oGSadN!b
88,claranababan,putriandriani@example.com,EEa_1TvE_L
89,dariati12,ofirmansyah@example.net,$AsDAwdyw1
90,nkuswoyo,maheswaracager@example.org,"1%I5HPfy5S"
91,wprasasta,hidayatgaduh@example.net,$4SN2Ocg+&
92,pradanamutia,shasanah@example.com,N0HCxoSb@L
93,daliminhidayat,thamrinendra@example.net,F7_NDs06!v
94,qmahendra,uadriansyah@example.org,"8(9I_y$zH0"
95,daliono53,zuyainah@example.org,E_^6pNZz$u
96,kwinarsih,gyolanda@example.org,Z%K3Ol&x(d
97,mangunsonglantar,edward88@example.net,%6MjeHp)I#
98,baktisantoso,ysaputra@example.org,&zJn2FafEv
99,puspitakalim,msudiati@example.net,"9)P^7Iih)m"
100,andrianiamelia,puspayolanda@example.net,$AzM9!AbL6
